{"cameraMode":{"drawMode":0,"name":"Shaded","section":"Shading Mode"},"sceneLighting":false,"audioPlay":false,"sceneViewState":{"showFog":true,"showMaterialUpdate":false,"showSkybox":true,"showFlares":true,"showImageEffects":true,"showParticleSystems":true},"in2DMode":false,"pivot":{"x":0.0,"y":-0.0015599727630615235,"z":3.8299999237060549},"rotation":{"x":-0.014696857891976834,"y":-0.027293330058455468,"z":-0.0004281478759367019,"w":0.9995567202568054},"size":3.473789930343628,"orthographic":false}